item_id,source_path,destination_path,action,reason,checksum_sha256,collision,content_edit_needed,approval_required
ITM-001,".DS_Store","(unchanged, git-ignored)",KEEP,"OS artifact",09c9b2406a63d676e6c442476c2588b3d765bd33c1fe98a203c8a6e85515e73d,No,No,No
ITM-002,"00_START/.DS_Store","(unchanged, git-ignored)",KEEP,"OS artifact",65dffba0709a93c6bc580b85de2d1bed753855f6a45bcea6d1f6f5b13abe501c,No,No,No
ITM-003,"00_START/00_PROJECT_OVERVIEW.md","00_GOVERNANCE/PROJECT_OVERVIEW.md",MOVE,"Direct mapping per architecture Sec.11",e4413de0ead228f99fcd03c12a7963d68dd25c8361d377fb5b70fb8f64bcd45c,No,No,Yes
ITM-004,"00_START/01_BUSINESS/.DS_Store","(unchanged, git-ignored)",KEEP,"OS artifact",099892ba781c5248923ff387f9abbf7a8eeea387137fba04a4aadf873a569934,No,No,No
ITM-005,"00_START/01_BUSINESS/00_COMPANY_PROFILE.md","01_BUSINESS/COMPANY_PROFILE.md",MOVE,"Canonical per decision 1 (CNF-01)",6a7e6fa9b1f1d0ba6b99e87e1d39d34468583e803c7b366e9462f982ce476834,Yes,No,Yes
ITM-006,"00_START/01_BUSINESS/01_VISION.md","01_BUSINESS/VISION.md",MOVE,"Direct mapping",ad08887d5e2e7950b5bd91e9ec77e6cb4a5a8cd63880b8b0744cc8effc9f6f63,No,No,Yes
ITM-007,"00_START/01_BUSINESS/02_BRAND/.DS_Store","(unchanged, git-ignored)",KEEP,"OS artifact",7f8ecf63d2c66acdfe0c6d06b4268c9ef3b7fb589444984b4271e892cc55b6bc,No,No,No
ITM-008,"00_START/01_BUSINESS/02_BRAND/00_BRAND_IDENTITY.md","02_BRAND/BRAND_IDENTITY.md",MOVE,"Direct mapping",82807b0c996446db7ad76299fb7be8a5bec027fc37b8ba2d3913cf96d72f1fde,No,No,Yes
ITM-009,"00_START/01_BUSINESS/02_BRAND/01_BRAND_COLORS.md","02_BRAND/BRAND_COLORS.md",MOVE,"Direct mapping",a5a8ca108988d6a918ad8a06411a202a6090e37a9c19a70d7eaa0c57098a5b0e,No,No,Yes
ITM-010,"00_START/01_BUSINESS/02_BRAND/02_TYPOGRAPHY.md","02_BRAND/TYPOGRAPHY.md",MOVE,"Direct mapping; distinct from design-system TYPOGRAPHY.md",d86ee8883669daf4b8e1ef13631dcd363dbc88b6eafbbf1f7587f7d220876bc3,No,No,Yes
ITM-011,"00_START/01_BUSINESS/02_BRAND/03_LOGO_GUIDELINES.md","02_BRAND/LOGO_GUIDELINES.md",MOVE,"Direct mapping",bd05ba7890ecbf94e8c597236b532c2cbc45c33940e100906a205015163309c4,No,No,Yes
ITM-012,"00_START/01_BUSINESS/02_BRAND/03_MARKET_RESEARCH/.DS_Store","(unchanged, git-ignored)",KEEP,"OS artifact",49c9083a46febeec3b18f069856e81020e50966106caba1929bf74faa531fe2b,No,No,No
ITM-013,"00_START/01_BUSINESS/02_BRAND/03_MARKET_RESEARCH/00_MARKET_OVERVIEW.md","03_MARKET/MARKET_OVERVIEW.md",MOVE,"Direct mapping",957fa27cde55e08fe8c5a2c1be0516967668ca2bd41f95892f60b94745103cc0,No,No,Yes
ITM-014,"00_START/01_BUSINESS/02_BRAND/03_MARKET_RESEARCH/01_UAE_MARKET_ANALYSIS.md","03_MARKET/UAE_MARKET_ANALYSIS.md",MOVE,"Direct mapping",a59bbc5496b2b9d01ea4770b48071a429f814d45154017a640f0f4f016cc883d,No,No,Yes
ITM-015,"00_START/01_BUSINESS/02_BRAND/03_MARKET_RESEARCH/02_CUSTOMER_ANALYSIS.md","03_MARKET/CUSTOMER_ANALYSIS.md",MOVE,"Direct mapping",3fe7a145df4f6c8140ef0aa7b9d186fca12a44dfe7d3da41932a8a85229cbb12,No,No,Yes
ITM-016,"00_START/01_BUSINESS/02_BRAND/03_MARKET_RESEARCH/03_MARKET_TRENDS.md","03_MARKET/MARKET_TRENDS.md",MOVE,"Direct mapping",c21d81da59c0910a514892caaffd5b969fb629a2ef526eed9772004415df176e,No,No,Yes
ITM-017,"00_START/01_BUSINESS/02_BRAND/03_MARKET_RESEARCH/04_MARKET_OPPORTUNITIES.md","03_MARKET/MARKET_OPPORTUNITIES.md",MOVE,"Direct mapping",8ad6ed7d369109712073a9d4b28641c8fd9a4296c591d8d18671779b38c1c738,No,No,Yes
ITM-018,"00_START/01_BUSINESS/02_BRAND/03_MARKET_RESEARCH/04_SERVICES/00_SERVICES_OVERVIEW.md","98_LEGACY_ARCHIVE",ARCHIVE,"Superseded input per decision 5 (CNF-05); source for future SERVICE_CATALOG.md",0c72c82e7438995cc76baf334d2ba887d65dc00dd890bb9647493b31047f11f7,Yes,No,Yes
ITM-019,"00_START/01_BUSINESS/02_BRAND/03_MARKET_RESEARCH/04_SERVICES/01_AC_MAINTENANCE.md","04_SERVICE_KNOWLEDGE/ (package ID pending)",HOLD,"In scope per decision 5; folder-numbering convention not yet set",b3c13f587fe2ee14b3237b2a6884c8554188368fdb42ce3746c0c20463beaf08,No,Unknown,Yes
ITM-020,"00_START/01_BUSINESS/02_BRAND/03_MARKET_RESEARCH/04_SERVICES/02_CLEANING_SERVICES.md","04_SERVICE_KNOWLEDGE/ (package ID pending)",HOLD,"In scope per decision 5; folder-numbering convention not yet set",24b07a86f7aa50ff65bf730976050306c29e91ad8fd3e04805fd2d12498237cd,No,Unknown,Yes
ITM-021,"00_START/01_BUSINESS/02_BRAND/03_MARKET_RESEARCH/04_SERVICES/03_PEST_CONTROL.md","98_LEGACY_ARCHIVE",ARCHIVE,"Superseded per decision 6 (CNF-06); preserved for later comparison",8ffbd02d7c39838896a04aeea708257ba6ce9f6bdfc94c0ecc5d92b2ba2f68ed,Yes,No,Yes
ITM-022,"00_START/01_BUSINESS/02_BRAND/03_MARKET_RESEARCH/04_SERVICES/04_PLUMBING.md","04_SERVICE_KNOWLEDGE/ (package ID pending)",HOLD,"In scope per decision 5; folder-numbering convention not yet set",ee63740c3679e5e6ff5256b6983f4d27936a1db32f6d21b53c0ea4849a613417,No,Unknown,Yes
ITM-023,"00_START/01_BUSINESS/02_BRAND/03_MARKET_RESEARCH/04_SERVICES/05_ELECTRICAL_MAINTENANCE.md","04_SERVICE_KNOWLEDGE/ (package ID pending)",HOLD,"In scope per decision 5; folder-numbering convention not yet set",960a82a299a1282f66c5038159c3594e2b5bb802792b6a26d82ce68594698737,No,Unknown,Yes
ITM-024,"00_START/01_BUSINESS/02_BRAND/03_MARKET_RESEARCH/04_SERVICES/06_PAINTING_SERVICES.md","04_SERVICE_KNOWLEDGE/ (package ID pending)",HOLD,"In scope per decision 5; folder-numbering convention not yet set",c857fc47c884d13e446fd027d71387fc304c537982fb0c7b6805faf99e292845,No,Unknown,Yes
ITM-025,"00_START/01_BUSINESS/02_BRAND/03_MARKET_RESEARCH/04_SERVICES/07_HANDYMAN_SERVICES.md","04_SERVICE_KNOWLEDGE/ (package ID pending)",HOLD,"In scope per decision 5; folder-numbering convention not yet set",15b95cafce4157e49e39e54015a98547e9e9cf9bc5265ef12df73e91faf1a5dd,No,Unknown,Yes
ITM-026,"00_START/01_BUSINESS/02_BRAND/03_MARKET_RESEARCH/04_SERVICES/08_WATER_TANK_CLEANING.md","04_SERVICE_KNOWLEDGE/ (package ID pending)",HOLD,"In scope per decision 5; folder-numbering convention not yet set",ed3dea52f14b95d4a024055d781d28deb16c24c21dd54d1a172817f2811994fe,No,Unknown,Yes
ITM-027,"00_START/01_BUSINESS/02_BRAND/03_MARKET_RESEARCH/04_SERVICES/09_SERVICE_PACKAGES.md","06_CUSTOMER_AND_SALES/PRICING/ (candidate)",HOLD,"Cross-cutting sales content; per-file placement not yet approved",ba2b19d2e670f1e7178a0244f777aba145354a3d7bfc08f9b39fb75b428d6ec2,No,Unknown,Yes
ITM-028,"00_START/01_BUSINESS/02_BRAND/03_MARKET_RESEARCH/04_SERVICES/10_ANNUAL_MAINTENANCE_CONTRACTS.md","06_CUSTOMER_AND_SALES/PRICING/ (candidate)",HOLD,"Cross-cutting sales content; per-file placement not yet approved",596d99f77022039a885f91124af87ac4318d910d3ff10adef52453490862f122,No,Unknown,Yes
ITM-029,"00_START/01_BUSINESS/02_BRAND/03_MARKET_RESEARCH/04_SERVICES/11_EMERGENCY_SERVICES.md","04_SERVICE_KNOWLEDGE/ or 05_OPERATIONS/ (candidate)",HOLD,"Placement ambiguous; not yet approved",8d956b6591724ad22dc55ef5278bcb5f35a9659e13385218e26df50146df12ab,No,Unknown,Yes
ITM-030,"00_START/01_BUSINESS/02_BRAND/03_MARKET_RESEARCH/04_SERVICES/12_PRICING_STRATEGY.md","06_CUSTOMER_AND_SALES/PRICING/ (candidate)",HOLD,"Cross-cutting sales content; per-file placement not yet approved",1f025ab59cd22342944566022172dce3b5ca80a3a260627d09f5822afc70f736,No,Unknown,Yes
ITM-031,"00_START/01_BUSINESS/02_BRAND/03_MARKET_RESEARCH/04_SERVICES/13_SERVICE_WORKFLOW.md","04_SERVICE_KNOWLEDGE/SERVICE_WORKFLOW.md (candidate)",HOLD,"Name matches target filename but content is a draft, not approved catalog content",8e4616737d56f2b470352f9862d02dce6d975271c7bf09ca80f128f39b35e7c0,No,Unknown,Yes
ITM-032,"00_START/01_BUSINESS/02_BRAND/03_MARKET_RESEARCH/04_SERVICES/14_SERVICE_STANDARDS.md","99_STANDARDS/ or 05_OPERATIONS/QUALITY/ (candidate)",HOLD,"Placement ambiguous; not yet approved",b6f2d619e1d496033ccf79564b17394a8758849d157bd3f01b108a4a3da1695c,No,Unknown,Yes
ITM-033,"00_START/01_BUSINESS/02_BRAND/03_MARKET_RESEARCH/04_SERVICES/15_QUALITY_ASSURANCE.md","05_OPERATIONS/QUALITY/ (candidate)",HOLD,"Placement ambiguous; not yet approved",9453e72782aeff3aca5e78092ed8b2e5b37afe489e3c0efc85394ba138b0e20a,No,Unknown,Yes
ITM-034,"00_START/01_BUSINESS/02_BRAND/03_MARKET_RESEARCH/04_SERVICES/16_CUSTOMER_SUPPORT.md","06_CUSTOMER_AND_SALES/CUSTOMER_SUPPORT/ (candidate)",HOLD,"Placement ambiguous; not yet approved",42aa90dde8a11f400f5cd1a5311f05b612efe98ea82cbbc63d5597b331c2b89f,No,Unknown,Yes
ITM-035,"00_START/01_BUSINESS/02_BRAND/03_MARKET_RESEARCH/04_SERVICES/17_BOOKING_PROCESS.md","06_CUSTOMER_AND_SALES/BOOKING/ (candidate)",HOLD,"Placement ambiguous; not yet approved",bf6c239c693e3d15fe998c594daea6e7a4abee1212f5802100fef855832342b6,No,Unknown,Yes
ITM-036,"00_START/01_BUSINESS/02_BRAND/03_MARKET_RESEARCH/04_SERVICES/18_SERVICE_LOCATIONS.md","03_MARKET/SERVICE_AREAS.md (candidate)",HOLD,"Deferred to manual reconciliation per decision 4 (CNF-04)",c87f60fb3fad0dd4364356e0df1ed9f73860f61ed5f458f13c3d66d16cb1d510,Yes,No,Yes
ITM-037,"00_START/01_BUSINESS/02_BRAND/03_MARKET_RESEARCH/04_SERVICES/19_SERVICE_AREAS_BY_EMIRATE.md","03_MARKET/SERVICE_AREAS.md (candidate)",HOLD,"Deferred to manual reconciliation per decision 4 (CNF-04)",88ac0c0e975fcdd725641fe8ffe64e6d7e6b4adeb3b3155de73732191553d9bd,Yes,No,Yes
ITM-038,"00_START/01_BUSINESS/02_BRAND/03_MARKET_RESEARCH/04_SERVICES/20_SERVICE_FAQ.md","General FAQ location (candidate)",HOLD,"Scope resolved per decision 7 (general vs per-service); exact target path not yet approved",7f80e34d5091b83f091f7dbe561501afbb6f9207e158ff75a3dca59a00ed5eec,No,Unknown,Yes
ITM-039,"00_START/01_BUSINESS/02_BRAND/03_MARKET_RESEARCH/04_SERVICES/21_SERVICE_POLICIES.md","06_CUSTOMER_AND_SALES/POLICIES/ (candidate)",HOLD,"Placement ambiguous; not yet approved",9b3f3dc1cde65f66bac7c9fc8eb305117d4974dc84f03ed56eabbc31d62cb0d0,No,Unknown,Yes
ITM-040,"00_START/01_BUSINESS/02_BRAND/03_MARKET_RESEARCH/04_SERVICES/22_WARRANTY_POLICY.md","06_CUSTOMER_AND_SALES/WARRANTY/ (candidate)",HOLD,"Placement ambiguous; not yet approved",f31a201944e8625c5dbe72e2028879c5467aa9ae83cb74f7dfe2810bfa4c7557,No,Unknown,Yes
ITM-041,"00_START/01_BUSINESS/02_BRAND/03_MARKET_RESEARCH/04_SERVICES/23_AFTER_SERVICE_PROCESS.md","05_OPERATIONS/SOP/ or 04_SERVICE_KNOWLEDGE/ (candidate)",HOLD,"Placement ambiguous; not yet approved",6ce056a8c4ac6dff39a6a3ee0217620cae0c7cde9c5e47f92c963d591fe25121,No,Unknown,Yes
ITM-042,"00_START/01_BUSINESS/02_BRAND/03_MARKET_RESEARCH/05_MARKET_RISKS.md","03_MARKET/MARKET_RISKS.md",MOVE,"Direct mapping",4a3fb1fe8c943aaa409d1e5396dfac3646421b987488ba88c0c906405aee2bdb,No,No,Yes
ITM-043,"00_START/01_BUSINESS/02_BRAND/03_MARKET_RESEARCH/05_WORDPRESS/00_WORDPRESS_ARCHITECTURE.md","07_WEBSITE/WORDPRESS/WORDPRESS_ARCHITECTURE.md",MOVE,"Direct mapping per architecture Sec.11",08b6191521657eb98e9953e6c32207e258265cd59bc42aac947b8bb57d578c3f,No,No,Yes
ITM-044,"00_START/01_BUSINESS/02_BRAND/03_MARKET_RESEARCH/05_WORDPRESS/01_LIVE_MAPS_ARCHITECTURE.md","07_WEBSITE/WORDPRESS/LIVE_MAPS_ARCHITECTURE.md",MOVE,"Direct mapping",43ac1ee428d03324e4bbcbc6ee198988ebb85eccda6138b36991bb935abe46f5,No,No,Yes
ITM-045,"00_START/01_BUSINESS/02_BRAND/03_MARKET_RESEARCH/05_WORDPRESS/02_CUSTOM_POST_TYPES.md","07_WEBSITE/WORDPRESS/CUSTOM_POST_TYPES.md",MOVE,"Direct mapping",a2e6ef529c8ffdb2ba61d5fb1edf52c9d61be0839e44c77a57faefa4048049ea,No,No,Yes
ITM-046,"00_START/01_BUSINESS/02_BRAND/03_MARKET_RESEARCH/05_WORDPRESS/03_CUSTOM_TAXONOMIES.md","07_WEBSITE/WORDPRESS/CUSTOM_TAXONOMIES.md",MOVE,"Direct mapping",1eb6454bee33393160cb7b16833dba843a6632b8770290005d5fcf03fd62654c,No,No,Yes
ITM-047,"00_START/01_BUSINESS/02_BRAND/03_MARKET_RESEARCH/05_WORDPRESS/04_GLOBAL_SETTINGS_ENGINE.md","07_WEBSITE/WORDPRESS/GLOBAL_SETTINGS_ENGINE.md",MOVE,"Direct mapping",3ca01f5c6cbde67537adec1bba8e623b514ee34e36c941993f664c2d862c4b2b,No,No,Yes
ITM-048,"00_START/01_BUSINESS/02_BRAND/03_MARKET_RESEARCH/05_WORDPRESS/05_DATABASE_ARCHITECTURE.md","08_DIGITAL_SYSTEMS/DATABASE/WORDPRESS_DATABASE_ARCHITECTURE.md",MOVE,"Resolved by user decision 2026-07-23: document defines a hybrid WordPress and operational database architecture, so it belongs to the Digital Systems database domain, not WordPress implementation",1711795038c605e2eebc76dafb234a9f8394e33c1c930389a3cca283810a0161,No,No,Yes
ITM-049,"00_START/01_BUSINESS/02_BRAND/03_MARKET_RESEARCH/05_WORDPRESS/06_MODULE_ARCHITECTURE.md","07_WEBSITE/WORDPRESS/MODULE_ARCHITECTURE.md",MOVE,"Direct mapping",03cef200090312d9e8db9409da6452c76b6d627cb63c2c4494a995d1831167c4,No,No,Yes
ITM-050,"00_START/01_BUSINESS/02_BRAND/03_MARKET_RESEARCH/05_WORDPRESS/07_SYSTEM_ENGINES.md","07_WEBSITE/WORDPRESS/SYSTEM_ENGINES.md",MOVE,"Direct mapping",da4609a49c2f7679c1329a39bc3ea50e18ea4898c2f9667b4c7fd2653ba554ce,No,No,Yes
ITM-051,"00_START/01_BUSINESS/02_BRAND/03_MARKET_RESEARCH/05_WORDPRESS/08_PROJECT_CONSTITUTION.md","07_WEBSITE/WORDPRESS/PROJECT_CONSTITUTION.md",MOVE,"Resolved per decision 9 (CNF-09)",61cd7d38bc5109ff1b6e4ba2c6f3d71e863b1dae72b4663496d3002e673189e3,No,No,Yes
ITM-052,"00_START/01_BUSINESS/02_BRAND/03_MARKET_RESEARCH/06_MARKET_STRATEGY.md","03_MARKET/MARKET_STRATEGY.md",MOVE,"Direct mapping",8d9e1afc0c88bae676e447fa211912b5aebc785958af4d4aef703cac87d60739,No,No,Yes
ITM-053,"00_START/01_BUSINESS/02_BRAND/03_MARKET_RESEARCH/24_UPSELL_CROSSSELL.md","06_CUSTOMER_AND_SALES/SALES/ (candidate)",HOLD,"Placement ambiguous; not yet approved",407c28859b4e3801f7eac141ad5b212b9b392f0dd6060eaeb3bad449d8b4ba87,No,Unknown,Yes
ITM-054,"00_START/01_BUSINESS/02_BRAND/03_MARKET_RESEARCH/25_SERVICE_CHECKLIST.md","05_OPERATIONS/CHECKLISTS/ (candidate)",HOLD,"Placement ambiguous; not yet approved",5c9186c8f11c42da72606942b0201400fbc1114398cb9760791252df0db5c95c,No,Unknown,Yes
ITM-055,"00_START/01_BUSINESS/02_BRAND/04_BRAND_VOICE.md","02_BRAND/BRAND_VOICE.md",MOVE,"Direct mapping",f07fdd59f3ed575ffc167354953a9a8da011536f3439756fa0842843b2e7278d,No,No,Yes
ITM-056,"00_START/01_BUSINESS/02_BRAND/05_ICONOGRAPHY.md","02_BRAND/ICONOGRAPHY.md",MOVE,"Direct mapping",3701b27fc679938af7ed7aaa8e4aa0c61eda7692602396296efe0cc5627e9b68,No,No,Yes
ITM-057,"00_START/01_BUSINESS/02_BRAND/06_BRAND_IMAGES.md","02_BRAND/BRAND_IMAGES.md",MOVE,"Direct mapping",17a443ab93a22283c9bd9cba12ba8845d0b17503988c4e04b9288f2df3380021,No,No,Yes
ITM-058,"00_START/01_BUSINESS/02_BRAND/06_DESIGN_SYSTEM/.DS_Store","(unchanged, git-ignored)",KEEP,"OS artifact",f937944859aef3e1896e5163abae98c0af70f3bf1e8349985047c8fbe15e5d1c,No,No,No
ITM-059,"00_START/01_BUSINESS/02_BRAND/06_DESIGN_SYSTEM/00_DESIGN_SYSTEM.md","12_DESIGN_SYSTEM/README.md",MOVE,"Target tree names design-system index README.md",319f0fcb4824768d270ba92571e9e9d71c9b26e5be14e6eb8e83a53fe6b0e3bf,No,No,Yes
ITM-060,"00_START/01_BUSINESS/02_BRAND/06_DESIGN_SYSTEM/01_COLORS.md","12_DESIGN_SYSTEM/COLORS.md",MOVE,"Direct mapping",cbf387d08a427a8c74d62ec56cf2493a06e387cdf2dfae639203e2564ffcd093,No,No,Yes
ITM-061,"00_START/01_BUSINESS/02_BRAND/06_DESIGN_SYSTEM/02_TYPOGRAPHY.md","12_DESIGN_SYSTEM/TYPOGRAPHY.md",MOVE,"Direct mapping; distinct from 02_BRAND TYPOGRAPHY.md",6b062970007d5fef0bff4e03377c00fc9a9e1f6992b34cff000f48ecbcd74d0b,No,No,Yes
ITM-062,"00_START/01_BUSINESS/02_BRAND/06_DESIGN_SYSTEM/03_SPACING.md","12_DESIGN_SYSTEM/SPACING.md",MOVE,"Direct mapping",b023f6f6a84468a7a96eaad01c3e2d980555685c92c6e546afb757fe48629199,No,No,Yes
ITM-063,"00_START/01_BUSINESS/02_BRAND/06_DESIGN_SYSTEM/04_GRID.md","12_DESIGN_SYSTEM/GRID.md",MOVE,"Direct mapping",2d97739668df9ff1d7e284f29cb2ddceb37a646f29c047596fda4fa99ea36f77,No,No,Yes
ITM-064,"00_START/01_BUSINESS/02_BRAND/06_DESIGN_SYSTEM/05_BUTTONS.md","12_DESIGN_SYSTEM/BUTTONS.md",MOVE,"Direct mapping",436e54ba0e5569c55b2991832f56e76a9836b582cd61853118703a17c77ab7ca,No,No,Yes
ITM-065,"00_START/01_BUSINESS/02_BRAND/06_DESIGN_SYSTEM/06_FORMS.md","12_DESIGN_SYSTEM/FORMS.md",MOVE,"Direct mapping",4ea63645c173e451c8336381c8c10609fa0edb5a944e658320fea3ad2ccafc23,No,No,Yes
ITM-066,"00_START/01_BUSINESS/02_BRAND/06_DESIGN_SYSTEM/07_CARDS.md","12_DESIGN_SYSTEM/CARDS.md",MOVE,"Direct mapping",e87166073fa72c12e91edb90b8e050be50f8f910ea6f7a5f50f0a1ee27a5762c,No,No,Yes
ITM-067,"00_START/01_BUSINESS/02_BRAND/06_DESIGN_SYSTEM/07_WEBSITE/01_HOMEPAGE","98_LEGACY_ARCHIVE",ARCHIVE,"Accidental unclassified residue per decision 8 (CNF-08); preserved, not deleted",e3b0c44298fc1c149afbf4c8996fb92427ae41e4649b934ca495991b7852b855,Yes,No,Yes
ITM-068,"00_START/01_BUSINESS/02_BRAND/06_DESIGN_SYSTEM/08_ICONS.md","12_DESIGN_SYSTEM/ICONS.md",MOVE,"Direct mapping",7ecd42d5f2e7164fb6d82da51a6c4ccb862ce02a2f6c3e5f4add0c0b97081b96,No,No,Yes
ITM-069,"00_START/01_BUSINESS/02_BRAND/06_DESIGN_SYSTEM/09_COMPONENTS.md","12_DESIGN_SYSTEM/COMPONENTS.md",MOVE,"Direct mapping",1eeef1e6a7f8a4c7e273ecc728ad0b30443c1b60e7eb617d378927a309c81747,No,No,Yes
ITM-070,"00_START/01_BUSINESS/02_BRAND/06_DESIGN_SYSTEM/10_MOBILE.md","12_DESIGN_SYSTEM/MOBILE.md",MOVE,"Direct mapping",9edd6a779b59407651fded6cbea56ae3231cb7d55a1b48f0658bf9360ab3c1b0,No,No,Yes
ITM-071,"00_START/01_BUSINESS/02_BRAND/06_DESIGN_SYSTEM/11_ACCESSIBILITY.md","12_DESIGN_SYSTEM/ACCESSIBILITY.md",MOVE,"Direct mapping; distinct from 99_STANDARDS/ACCESSIBILITY_STANDARD.md",207afa081e31985cd9326514b2777ca2436ed2cc948618b04ba6a6358c222ad1,No,No,Yes
ITM-072,"00_START/01_BUSINESS/02_BRAND/06_DESIGN_SYSTEM/12_ANIMATIONS.md","12_DESIGN_SYSTEM/ANIMATIONS.md",MOVE,"Direct mapping",cd87cee10262d9a5a2326f94209126db56f4a0d63a31aa1b7d0c61f64d892fd5,No,No,Yes
ITM-073,"00_START/01_BUSINESS/02_BRAND/07_BRAND_APPLICATIONS.md","02_BRAND/BRAND_APPLICATIONS.md",MOVE,"Direct mapping",8b0443cba6342fb90283926f9c99ee8dbf182d1fa26b9d79ae329244ca17506a,No,No,Yes
ITM-074,"00_START/01_BUSINESS/02_BRAND/08_BRAND_GUIDELINES.md","02_BRAND/BRAND_GUIDELINES.md",MOVE,"Canonical per decision 2 (CNF-02)",834004df868b58b68f773f4c3558a3125e6a38f80e30e8aaa3c8d05b354c0035,Yes,No,Yes
ITM-075,"00_START/01_BUSINESS/02_BRAND/09_BRAND_CHECKLIST.md","02_BRAND/BRAND_CHECKLIST.md",MOVE,"Direct mapping",cbca82766254c1b2be1f8b552081c4e5f6f95003c534add9083b132c0e0d2ed0,No,No,Yes
ITM-076,"00_START/01_BUSINESS/02_MISSION.md","01_BUSINESS/MISSION.md",MOVE,"Direct mapping",e5531166eeaf3a7becebb6901a5a4172b8bfa65522f2aaa97615462c820e3e53,No,No,Yes
ITM-077,"00_START/01_BUSINESS/03_BUSINESS_MODEL.md","01_BUSINESS/BUSINESS_MODEL.md",MOVE,"Direct mapping",3fa252e8c4e3f623bd8c7020a76148b25027ff9c76e043aee7e0dfb85190d938,No,No,Yes
ITM-078,"00_START/01_BUSINESS/04_TARGET_AUDIENCE.md","01_BUSINESS/TARGET_AUDIENCE.md",MOVE,"Direct mapping",0714feca7851313c243fb510bbb2d0c045394da860b91f70c95410eee1eddbd8,No,No,Yes
ITM-079,"00_START/01_BUSINESS/05_SWOT_ANALYSIS.md","01_BUSINESS/SWOT_ANALYSIS.md",MOVE,"Direct mapping",ad9e56d1277c4be9990f39ce91a9df68ec225e07d031e1272271350f074701c6,No,No,Yes
ITM-080,"00_START/01_BUSINESS/06_COMPETITOR_ANALYSIS.md","03_MARKET/COMPETITOR_ANALYSIS.md",MOVE,"Canonical per decision 3 (CNF-03)",87b6960656af6af0b9dd66f61c7159b42bf823ea75314b367918e3dc443385fc,Yes,No,Yes
ITM-081,"00_START/01_BUSINESS/07_BUSINESS_GOALS.md","01_BUSINESS/BUSINESS_GOALS.md",MOVE,"Direct mapping",a6d427e1a4b60b48762df01125e3ca4849c08fc033e7c37f108c573df24f2550,No,No,Yes
ITM-082,"00_START/01_PROJECT_SCOPE.md","00_GOVERNANCE/PROJECT_SCOPE.md",MOVE,"Direct mapping",f2143c2fa2b7919e7124ea9fcc608475c17ef005d33478cab56552d433efca9a,No,No,Yes
ITM-083,"00_START/02_PROJECT_GOALS.md","00_GOVERNANCE/PROJECT_GOALS.md",MOVE,"Direct mapping",e61770b66115e9a57846daf4aa58c31a3c18800553069239e600becadde08386,No,No,Yes
ITM-084,"00_START/03_PROJECT_ROADMAP.md","00_GOVERNANCE/PROJECT_ROADMAP.md",MOVE,"Direct mapping",8343d1cf4d004bf25bb2ec3a728722da9eb25a8dc56879c925c811c4eb8d549f,No,No,Yes
ITM-085,"00_START/04_TECH_STACK.md","00_GOVERNANCE/TECH_STACK.md",MOVE,"Direct mapping",17766487f37f14cfedc7a0c20a6737aa6f983d053ba2656ebc871fe88f820843,No,No,Yes
ITM-086,"00_START/05_GLOSSARY.md","00_GOVERNANCE/GLOSSARY.md",MOVE,"Direct mapping",ae278092c673a76b7e9a4cbd0cd6f844e7f1d7d26468cdd64622bbbc561bd0c2,No,No,Yes
ITM-087,"00_START/TEMP/01_BRAND/02_MARKET/COMPETITOR_ANALYSIS.md","98_LEGACY_ARCHIVE",ARCHIVE,"Empty stub, superseded per decision 3 (CNF-03)",e3b0c44298fc1c149afbf4c8996fb92427ae41e4649b934ca495991b7852b855,Yes,No,Yes
ITM-088,"00_START/TEMP/01_BRAND/02_MARKET/SERVICE_AREAS.md","03_MARKET/SERVICE_AREAS.md (candidate)",HOLD,"Deferred to manual reconciliation per decision 4 (CNF-04)",646f2380703ed53e04d47f3cfd4ef9663bcfadf24b07cbffd50e5e6e0a4e10b3,Yes,No,Yes
ITM-089,"00_START/TEMP/01_BRAND/02_MARKET/TARGET_CUSTOMERS.md","03_MARKET/TARGET_CUSTOMERS.md",MOVE,"Sole source; empty file moved intact",e3b0c44298fc1c149afbf4c8996fb92427ae41e4649b934ca495991b7852b855,No,No,Yes
ITM-090,"00_START/TEMP/01_BRAND/BRAND_GUIDELINES.md","98_LEGACY_ARCHIVE",ARCHIVE,"Superseded per decision 2 (CNF-02)",cd1b7c247a48bdbd44940dac272849902330eab799e08b3bb4ccdfa5e751dbac,Yes,No,Yes
ITM-091,"00_START/TEMP/01_BRAND/COMPANY_PROFILE.md","98_LEGACY_ARCHIVE",ARCHIVE,"Superseded per decision 1 (CNF-01)",74eb79204155e525119e019be00483bd1835c34bc806e4981b7063a0f3bf66cc,Yes,No,Yes
ITM-092,"00_START/TEMP/01_BRAND/CONTACT_INFORMATION.md","02_BRAND/CONTACT_INFORMATION.md",MOVE,"Sole source; marked Draft/Unverified per decision 10",4eacc08435aad3fe28566394b2fdbc98d7924c556cfb36f28b39c754abc6679d,No,No,Yes
ITM-093,"07_WEBSITE/.DS_Store","(unchanged, git-ignored)",KEEP,"OS artifact",3c21948a1134e63db72ed9b57ffac95972472fcdedb8213de1016e4420c29e21,No,No,No
ITM-094,"07_WEBSITE/01_HOMEPAGE/00_HOMEPAGE_ARCHITECTURE.md","(unchanged)",KEEP,"Already correctly located",92f701e69dc42a4624c72f6badd5cfa59dde9eecaf667c566f685aad5a068dbd,No,No,No
ITM-095,"07_WEBSITE/01_HOMEPAGE/01_HOMEPAGE_CONTENT.md","(unchanged)",KEEP,"Already correctly located",53534b58b70c5fb0987047873fb0c53efc759a3adecaa37eb0a7d5f64bba504a,No,No,No
ITM-096,"07_WEBSITE/01_HOMEPAGE/02_HOMEPAGE_UI_UX.md","(unchanged)",KEEP,"Already correctly located",b38cb5dba485c13c223150f05f9f97b6ea62430281baacfc37b0e356801cbd62,No,No,No
ITM-097,"07_WEBSITE/01_HOMEPAGE/03_HOMEPAGE_SEO_AI.md","(unchanged)",KEEP,"Already correctly located",f5ac4d937a2464f550397fac8444cf2c9832bd7c3b064bfe7651c424b8adf3a6,No,No,No
ITM-098,"07_WEBSITE/01_HOMEPAGE/04_HOMEPAGE_COMPONENTS.md","(unchanged)",KEEP,"Already correctly located",249fa5582e66010b7ee1e08ca7689cdcafaf2be7f62ee901c23ed5d13d055e03,No,No,No
ITM-099,"07_WEBSITE/01_HOMEPAGE/99_STANDARDS/00_PROJECT_STANDARDS.md","99_STANDARDS/PROJECT_STANDARDS.md",MOVE,"Global standards must root at 99_STANDARDS",840425583a263b8b23eab103aeda6260dc656afce7e40ee500b28d7e19f62d42,No,No,Yes
ITM-100,"07_WEBSITE/01_HOMEPAGE/99_STANDARDS/01_DOCUMENTATION_STANDARD.md","99_STANDARDS/DOCUMENTATION_STANDARD.md",MOVE,"Global standards must root at 99_STANDARDS",d8a49b18fd2a461e8bf0d3d3ec325298be22dec8eea8fc7c31bbbd7869f29746,No,No,Yes
ITM-101,"07_WEBSITE/01_HOMEPAGE/99_STANDARDS/02_UI_UX_STANDARD.md","99_STANDARDS/UI_UX_STANDARD.md",MOVE,"Global standards must root at 99_STANDARDS",02fdd5b04acaa3f27d6ef9276849809998d64ba4f4b5db7938b4512813dca020,No,No,Yes
ITM-102,"07_WEBSITE/01_HOMEPAGE/99_STANDARDS/03_SEO_STANDARD.md","99_STANDARDS/SEO_STANDARD.md",MOVE,"Global standards must root at 99_STANDARDS",fb53808c1a2c795df3c33deac6f28d06efb7e6c8c0cbfcdfd03f9aad64577a64,No,No,Yes
ITM-103,"07_WEBSITE/01_HOMEPAGE/99_STANDARDS/04_AI_GEO_STANDARD.md","99_STANDARDS/AI_GEO_STANDARD.md",MOVE,"Global standards must root at 99_STANDARDS",c19836a289d4733e0dd5748a75701435cf2d3bfd2f7530b40d0fe7644de96aa3,No,No,Yes
ITM-104,"07_WEBSITE/01_HOMEPAGE/99_STANDARDS/05_ACCESSIBILITY_STANDARD.md","99_STANDARDS/ACCESSIBILITY_STANDARD.md",MOVE,"Global standards must root at 99_STANDARDS; empty file moved intact",e3b0c44298fc1c149afbf4c8996fb92427ae41e4649b934ca495991b7852b855,No,No,Yes
ITM-105,"07_WEBSITE/01_HOMEPAGE/99_STANDARDS/NAMING_CONVENTIONS.md","99_STANDARDS/NAMING_CONVENTIONS.md",MOVE,"Global standards must root at 99_STANDARDS",36a154191df3ee346ff91cb9b72493ef9a87e8dd75b4acaa8c448208dd80a405,No,No,Yes
ITM-106,"07_WEBSITE/01_HOMEPAGE/99_STANDARDS/SERVICE_TEMPLATE.md","99_STANDARDS/SERVICE_TEMPLATE.md",MOVE,"Global standards must root at 99_STANDARDS",b276d0f73806367ea48a84d8a688a5f6fded669aedce8a370673be933656db12,No,No,Yes
ITM-107,"07_WEBSITE/03_SERVICES/00_SERVICES_OVERVIEW.md","98_LEGACY_ARCHIVE",ARCHIVE,"Superseded input per decision 5 (CNF-05); source for future SERVICE_CATALOG.md",bcc327c4127b2abd1cef248e0d817ddd09385af94d72e27fbed33fbbc961355a,Yes,No,Yes
ITM-108,"07_WEBSITE/03_SERVICES/01_PEST_CONTROL.md","98_LEGACY_ARCHIVE",ARCHIVE,"Superseded per decision 6 (CNF-06); preserved for later comparison",8d61f28e80b9e68edf18b0c65bddd179821d8c9d97405964ddb80810452c1634,Yes,No,Yes
ITM-109,"07_WEBSITE/03_SERVICES/03_SERVICE_KNOWLEDGE/01_PEST_CONTROL/BUSINESS.md","04_SERVICE_KNOWLEDGE/01_PEST_CONTROL/BUSINESS.md",MOVE,"Canonical per decision 6 (CNF-06)",51c7d47b4e544a21afced67407ddb11bb9529dd9f3b795ca0534c733953fd676,Yes,No,Yes
ITM-110,"07_WEBSITE/03_SERVICES/03_SERVICE_KNOWLEDGE/01_PEST_CONTROL/CHANGELOG.md","04_SERVICE_KNOWLEDGE/01_PEST_CONTROL/CHANGELOG.md",MOVE,"Service authority becomes website-independent",99a79fbf9c8832e4dd897db71540fe1cb4eb231397f4fe64c991dbf8d80cab4c,No,No,Yes
ITM-111,"07_WEBSITE/03_SERVICES/03_SERVICE_KNOWLEDGE/01_PEST_CONTROL/CONTENT_AR.md","04_SERVICE_KNOWLEDGE/01_PEST_CONTROL/CONTENT_AR.md",MOVE,"Service authority becomes website-independent",f1f4db29da5251ecaa0ce4d9013e8d5263884860d874af054a40c85b38ca0cd2,No,No,Yes
ITM-112,"07_WEBSITE/03_SERVICES/03_SERVICE_KNOWLEDGE/01_PEST_CONTROL/CONTENT_EN.md","04_SERVICE_KNOWLEDGE/01_PEST_CONTROL/CONTENT_EN.md",MOVE,"Service authority becomes website-independent",f024209daa1fc52ab970f824086c5f5b29a0fc55bfb0078bae2052a2a832641c,No,No,Yes
ITM-113,"07_WEBSITE/03_SERVICES/03_SERVICE_KNOWLEDGE/01_PEST_CONTROL/CUSTOMER_GUIDE.md","04_SERVICE_KNOWLEDGE/01_PEST_CONTROL/CUSTOMER_GUIDE.md",MOVE,"Service authority becomes website-independent",4fa7d0552dfaccc6ba05074966f5f6f862d014ff1bf7c04aa1b27a21851f5513,No,No,Yes
ITM-114,"07_WEBSITE/03_SERVICES/03_SERVICE_KNOWLEDGE/01_PEST_CONTROL/FAQ.md","04_SERVICE_KNOWLEDGE/01_PEST_CONTROL/FAQ.md",MOVE,"Kept as per-service FAQ per decision 7 (CNF-07 resolved)",d0daf23ab2878db0d82ca47dc8b2a45df032fbacb0da32f3dc8ba06632467b18,No,No,Yes
ITM-115,"07_WEBSITE/03_SERVICES/03_SERVICE_KNOWLEDGE/01_PEST_CONTROL/MEDIA.md","04_SERVICE_KNOWLEDGE/01_PEST_CONTROL/MEDIA.md",MOVE,"Service authority becomes website-independent",3247bf3704adc5c4f56d82bc34e8e2ce81920d31ba349b9de93adb09b22a3aaf,No,No,Yes
ITM-116,"07_WEBSITE/03_SERVICES/03_SERVICE_KNOWLEDGE/01_PEST_CONTROL/OPERATIONS.md","04_SERVICE_KNOWLEDGE/01_PEST_CONTROL/OPERATIONS.md",MOVE,"Service authority becomes website-independent",7558d0c1a3ed8105f292f40c3d1fcd8a96381e43faab744d350d0fde7818d041,No,No,Yes
ITM-117,"07_WEBSITE/03_SERVICES/03_SERVICE_KNOWLEDGE/01_PEST_CONTROL/README.md","04_SERVICE_KNOWLEDGE/01_PEST_CONTROL/README.md",MOVE,"Service authority becomes website-independent",8dd75e9142f7c846fc7ca17109618487c44fa3e67276076f79382c40c864ecf6,No,No,Yes
ITM-118,"07_WEBSITE/03_SERVICES/03_SERVICE_KNOWLEDGE/01_PEST_CONTROL/SAFETY.md","04_SERVICE_KNOWLEDGE/01_PEST_CONTROL/SAFETY.md",MOVE,"Service authority becomes website-independent",af5b4eec117d3b0a49048de0dfba685001fe269beee6dce02e4fddfd3845afca,No,No,Yes
ITM-119,"07_WEBSITE/03_SERVICES/03_SERVICE_KNOWLEDGE/01_PEST_CONTROL/SEO_AI.md","04_SERVICE_KNOWLEDGE/01_PEST_CONTROL/SEO_AI.md",MOVE,"Service authority becomes website-independent",b31c86aca772fdce29b6fa97f7203626911aeb6dca13d66b88e3d1636d7818c8,No,No,Yes
ITM-120,"07_WEBSITE/03_SERVICES/03_SERVICE_KNOWLEDGE/01_PEST_CONTROL/TRAINING.md","04_SERVICE_KNOWLEDGE/01_PEST_CONTROL/TRAINING.md",MOVE,"Service authority becomes website-independent",c2c43addfd039777ecb6561bcf58b5b07f79097a2dc8a329f2f083ab5cb7b5bf,No,No,Yes
ITM-121,"CLAUDE_MIGRATION_PROMPT.md","(unchanged)",KEEP,"Root governing document",a4d77edda6732a4c025795f43ca52851a3db5d59c4dd226e1844e086c74c7ca6,No,No,No
ITM-122,"PROJECT_MANIFEST.md","(unchanged)",KEEP,"Root governing document",918e819ced86f9ae8085526cf8a36f4c83285f802bfab65dc5267d05536f7e61,No,No,No
ITM-123,"README.md","(unchanged)",KEEP,"Root governing document; empty, content authoring out of scope",e3b0c44298fc1c149afbf4c8996fb92427ae41e4649b934ca495991b7852b855,No,No,No
ITM-124,"SYSTEM_ARCHITECTURE.md","(unchanged)",KEEP,"Root governing document",5c28586ac04fe5acf8c4be7cbd8b64e48b73659357498a13381141498a4e8b33,No,No,No
